datetime,94:3C:C6:42:65:D3,94:3C:C6:45:1B:FB,94:3C:C6:45:20:1F,94:3C:C6:92:6A:C7,B8:D6:1A:7A:CC:C7,B8:D6:1A:7A:CD:A3,B8:D6:1A:7A:CD:AB,B8:D6:1A:7A:CE:0B,B8:D6:1A:7A:D0:93,B8:D6:1A:7A:D1:23,C4:DD:57:CF:66:AB,C4:DD:57:CF:67:0B
2024-07-03 13:26:47,online,online,online,online,online,online,online,online,online,online,online,online
2024-07-04 02:35:46,online,online,online,online,online,online,online,online,online,online,online,online
2024-07-05 02:34:21,online,online,online,online,online,online,online,online,online,online,online,online
2024-07-06 02:32:05,online,online,online,online,online,online,online,online,online,online,online,online
2024-07-07 02:37:34,online,online,online,online,online,online,online,online,online,online,online,online
2024-07-08 02:36:56,online,online,online,online,online,online,online,online,online,online,online,online
2024-07-09 02:36:30,online,online,online,online,online,online,online,online,online,online,online,online
2024-07-10 02:36:05,online,online,online,online,online,online,online,online,online,online,online,online
2024-07-11 02:37:52,online,online,online,online,online,online,online,online,online,online,online,online
2024-07-12 02:35:44,online,online,online,online,online,online,online,online,online,online,online,online
2024-07-13 02:34:43,online,online,online,online,online,online,online,online,online,online,online,online
2024-07-14 02:42:10,online,online,online,online,online,online,online,online,online,online,online,online
2024-07-15 02:39:24,online,online,online,online,online,online,online,online,online,online,online,online
2024-07-16 02:37:43,online,online,online,online,online,online,online,online,online,online,online,online
2024-07-17 02:36:50,online,online,online,online,online,online,online,online,online,online,online,online
2024-07-18 02:36:12,online,online,online,online,online,online,online,online,online,online,online,online
2024-07-19 02:37:04,online,online,online,online,online,online,online,online,online,online,online,online
2024-07-20 02:33:47,online,online,online,online,online,online,online,online,online,online,online,online
2024-07-21 02:37:23,online,online,online,online,online,online,online,online,online,online,online,online
2024-07-22 02:39:07,online,online,online,online,online,online,online,online,online,online,online,online
2024-07-23 02:36:43,online,online,online,online,online,online,online,online,online,online,online,online
2024-07-24 02:37:00,online,online,online,online,online,online,online,online,online,online,online,online
2024-07-25 02:37:17,online,online,online,online,online,online,online,online,online,online,online,online
2024-07-26 02:37:13,online,online,online,online,online,online,online,online,online,online,online,online
2024-07-27 02:34:55,online,online,online,online,online,online,online,online,online,online,online,online
2024-07-28 02:38:52,online,online,online,online,online,online,online,online,online,online,online,online
2024-07-29 02:39:14,online,online,online,online,online,online,online,online,online,online,online,online
2024-07-30 02:37:00,online,online,online,online,online,online,online,online,online,online,online,online
2024-07-31 02:18:08,online,online,online,online,online,online,online,online,online,online,online,online
2024-08-01 02:41:26,online,online,online,online,online,online,online,online,online,online,online,online
2024-08-02 02:37:20,online,online,online,online,online,online,online,online,online,online,online,online
2024-08-03 02:35:37,online,online,online,online,online,online,online,online,online,online,online,online
2024-08-04 02:39:29,online,online,online,online,online,online,online,online,online,online,online,online
2024-08-05 02:39:03,online,online,online,online,online,online,online,online,online,online,online,online
2024-08-06 02:37:59,online,online,online,online,online,online,online,online,online,online,online,online
2024-08-07 02:38:58,online,online,online,online,online,online,online,online,online,online,online,online
2024-08-08 02:39:21,online,online,online,online,online,online,online,online,online,online,online,online
2024-08-09 02:39:12,online,online,online,online,online,online,online,online,online,online,online,online
2024-08-10 02:38:06,online,online,online,online,online,online,online,online,online,online,online,online
2024-08-11 02:41:26,online,online,online,online,online,online,online,online,online,online,online,online
2024-08-12 02:40:10,online,online,online,online,online,online,online,online,online,online,online,online
2024-08-13 02:39:53,online,online,online,online,online,online,online,online,online,online,online,online
2024-08-14 02:38:51,online,online,online,online,online,online,online,online,online,online,online,online
2024-08-15 02:35:11,online,online,online,online,online,online,online,online,online,online,online,online
2024-08-16 02:38:26,online,online,online,online,online,online,online,online,online,online,online,online
2024-08-17 02:36:18,online,online,online,online,online,online,online,online,online,online,online,online
2024-08-18 02:39:00,online,online,online,online,online,online,online,online,online,online,online,online
2024-08-19 02:39:46,online,online,online,online,online,online,online,online,online,online,online,online
2024-08-20 02:38:24,online,online,online,online,online,online,online,online,online,online,online,online
2024-08-21 02:38:19,online,online,online,online,online,online,online,online,online,online,online,online
2024-08-22 02:39:23,online,online,online,online,online,online,online,online,online,online,online,online
2024-08-23 02:39:02,online,online,online,online,online,online,online,online,online,online,online,online
2024-08-24 02:38:40,online,online,online,online,online,online,online,online,online,online,online,online
2024-08-25 02:41:57,online,online,online,online,online,online,online,online,online,online,online,online
2024-08-26 02:39:29,online,online,online,online,online,online,online,online,online,online,online,online
2024-08-27 02:39:42,online,online,online,online,online,online,online,online,online,online,online,online
2024-08-28 02:34:11,online,online,online,online,online,online,online,online,online,online,online,online
2024-08-29 02:35:55,online,online,online,online,online,online,online,online,online,online,online,online
2024-08-30 02:36:53,online,online,online,online,online,online,online,online,online,online,online,online
2024-08-31 02:35:21,online,online,online,online,online,online,online,online,online,online,online,online
2024-09-01 02:47:13,online,online,online,online,online,online,online,online,online,online,online,online
2024-09-02 02:39:11,online,online,online,online,online,online,online,online,online,online,online,online
2024-09-03 02:35:24,online,online,online,online,online,online,online,online,online,online,online,online
2024-09-04 02:36:45,online,online,online,online,online,online,online,online,online,online,online,online
2024-09-05 02:37:38,online,online,online,online,online,online,online,online,online,online,online,online
2024-09-06 02:37:22,online,online,online,online,online,online,online,online,online,online,online,online
2024-09-07 02:35:34,online,online,online,online,online,online,online,online,online,online,online,online
2024-09-08 02:41:00,online,online,online,online,online,online,online,online,online,online,online,online
2024-09-09 02:40:39,online,online,online,online,online,online,online,online,online,online,online,online
2024-09-10 02:38:48,online,online,online,online,online,online,online,online,online,online,online,online
2024-09-11 02:37:14,online,online,online,online,online,online,online,online,online,online,online,online
2024-09-12 02:38:07,online,online,online,online,online,online,online,online,online,online,online,online
2024-09-13 02:39:11,online,online,online,online,online,online,online,online,online,online,online,online
2024-09-14 02:36:53,online,online,online,online,online,online,online,online,online,online,online,online
2024-09-15 02:45:32,online,online,online,online,online,online,online,online,online,online,online,online
2024-09-16 02:47:14,online,online,online,online,online,online,online,online,online,online,online,online
2024-09-17 02:17:26,online,online,online,online,online,online,online,online,online,online,online,online
2024-09-18 02:39:07,online,online,online,online,online,online,online,online,online,online,online,online
2024-09-19 02:40:30,online,online,online,online,online,online,online,online,online,online,online,online
2024-09-20 02:40:46,online,online,online,online,online,online,online,online,online,online,online,online
2024-09-21 02:38:25,online,online,online,online,online,online,online,online,online,online,online,online
2024-09-22 02:46:42,online,online,online,online,online,online,online,online,online,online,online,online
2024-09-23 02:43:40,online,online,online,online,online,online,online,online,online,online,online,online
2024-09-24 02:43:36,online,online,online,online,online,online,online,online,online,online,online,online
2024-09-25 02:44:49,online,online,online,online,online,online,online,online,online,online,online,online
2024-09-26 02:42:47,online,online,online,online,online,online,online,online,online,online,online,online
2024-09-27 02:44:05,online,online,online,online,online,online,online,online,online,online,online,online
2024-09-28 02:42:00,online,online,online,online,online,online,online,online,online,online,online,online
2024-09-29 02:49:30,online,online,online,online,online,online,online,online,online,online,online,online
2024-09-30 02:50:49,online,online,online,online,online,online,online,online,online,online,online,online
2024-10-01 02:53:52,online,online,online,online,online,online,online,online,online,online,online,online
2024-10-02 02:42:57,online,online,online,online,online,online,online,online,online,online,online,online
2024-10-03 02:43:33,online,online,online,online,online,online,online,online,online,online,online,online
2024-10-04 02:44:07,online,online,online,online,online,online,online,online,online,online,online,online
2024-10-05 02:41:31,online,online,online,online,online,online,online,online,online,online,online,online
2024-10-06 02:49:08,online,online,online,online,online,online,online,online,online,online,online,online
2024-10-07 02:47:21,online,online,online,online,online,online,online,online,online,online,online,online
2024-10-08 02:47:24,online,online,online,online,online,online,online,online,online,online,online,online
2024-10-09 02:43:28,online,online,online,online,online,online,online,online,online,online,online,online
2024-10-10 02:43:46,online,online,online,online,online,online,online,online,online,online,online,online
2024-10-11 02:42:45,online,online,online,online,online,online,online,online,online,online,online,online
2024-10-12 02:40:24,online,online,online,online,online,online,online,online,online,online,online,online
2024-10-13 02:48:12,online,online,online,online,online,online,online,online,online,online,online,online
2024-10-14 02:47:15,online,online,online,online,online,online,online,online,online,online,online,online
2024-10-15 02:45:09,online,online,online,online,online,online,online,online,online,online,online,online
2024-10-16 02:46:27,online,online,online,online,online,online,online,online,online,online,online,online
2024-10-17 02:43:57,online,online,online,online,online,online,online,online,online,online,online,online
2024-10-18 02:45:10,online,online,online,online,online,online,online,online,online,online,online,online
2024-10-19 02:41:54,online,online,online,online,online,online,online,online,online,online,online,online
2024-10-20 02:51:06,online,online,online,online,online,online,online,online,online,online,online,online
2024-10-21 02:47:51,online,online,online,online,online,online,online,online,online,online,online,online
2024-10-22 02:44:58,online,online,online,online,online,online,online,online,online,online,online,online
2024-10-23 02:43:44,online,online,online,online,online,online,online,online,online,online,online,online
2024-10-24 02:43:42,online,online,online,online,online,online,online,online,online,online,online,online
2024-10-25 02:45:20,online,online,online,online,online,online,online,online,online,online,online,online
2024-10-26 02:40:47,online,online,online,online,online,online,online,online,online,online,online,online
2024-10-27 02:50:10,online,online,online,online,online,online,online,online,online,online,online,online
2024-10-28 02:50:06,online,online,online,online,online,online,online,online,online,online,online,online
2024-10-29 02:46:03,online,online,online,online,online,online,online,online,online,online,online,online
2024-10-30 02:45:09,online,online,online,online,online,online,online,online,online,online,online,online
2024-10-31 02:46:39,online,online,online,online,online,online,online,online,online,online,online,online
2024-11-01 02:54:41,online,online,online,online,online,online,online,online,online,online,online,online
2024-11-02 02:41:49,online,online,online,online,online,online,online,online,online,online,online,online
2024-11-03 02:50:10,online,online,online,online,online,online,online,online,online,online,online,online
2024-11-04 02:49:14,online,online,online,online,online,online,online,online,online,online,online,online
2024-11-05 02:41:35,online,online,online,online,online,online,online,online,online,online,online,online
2024-11-06 02:40:35,online,online,online,online,online,online,online,online,online,online,online,online
2024-11-07 02:41:36,online,online,online,online,online,online,online,online,online,online,online,online
2024-11-08 02:41:56,online,online,online,online,online,online,online,online,online,online,online,online
2024-11-09 02:37:54,online,online,online,online,online,online,online,online,online,online,online,online
2024-11-10 02:44:02,online,online,online,online,online,online,online,online,online,online,online,online
2024-11-11 02:43:09,online,online,online,online,online,online,online,online,online,online,online,online
2024-11-12 02:39:56,online,online,online,online,online,online,online,online,online,online,online,online
2024-11-13 02:42:19,online,online,online,online,online,online,online,online,online,online,online,online
2024-11-14 02:43:07,online,online,online,online,online,online,online,online,online,online,online,online
2024-11-15 02:52:20,online,online,online,online,online,online,online,online,online,online,online,online
